,index,GAIN,MICE,MISSFOREST,AutoEncoder,MostFrequent
0,Location,0.6909703743125776,0.6732895748329489,0.3565726450239489,0.8524628939743363,0.9471350008869966
1,WindGustDir,0.7301369044060501,0.9164225503676691,0.7391044419202487,0.8668619597058648,0.9213845877921922
2,WindDir9am,0.7787735849056604,0.9330778301886793,0.7475235849056604,0.867747641509434,0.911438679245283
3,WindDir3pm,0.7197941924418948,0.9369566503045715,0.7514341474954166,0.8656928263055178,0.9260748713702762
4,RainToday,0.001589825119236884,0.29394099982335276,0.052523111346640755,0.20555849967614673,0.22351763528234117
